{
    "0": [
        {
            "text": "4.9 million.",
            "probability": 0.9999908326786526,
            "start_logit": 6.392330169677734,
            "end_logit": 5.781999111175537
        },
        {
            "text": "",
            "probability": 9.167321347324222e-06,
            "start_logit": 0.383905827999115,
            "end_logit": 0.19056719541549683
        }
    ]
}
